{"\"Cats\" 1981 Original London Cast": "", "\"Weird Al\" Yankovic": "", "$NOT": "", "$atori Zoom": "", "'In The Heights' Original Broadway Company": "", "((( O )))": "", "(EM)": "", "*spandrel": "", "03 Greedo": "", "070 Shake": "", "10 Years": "", "100 gecs": "", "1927": "", "2 Chainz": "", "20/20": "", "21 Savage": "", "24hrs": "", "24kGoldn": "", "27CLUB": "", "2KBABY": "", "2NE1": "", "3": "", "347aidan": "", "3LAU": "", "4 Non Blondes": "", "42 Dugg": "", "45": "", "4D": "", "50 Cent": "", "6 Dogs": "", "6LACK": "", "6ix9ine": "", "7 Skies": "", "88rising": "", "98": "", "999": "", "?uestlove": "", "A Boogie Wit da Hoodie": "", "A Day To Remember": "", "A Flock Of Seagulls": "", "A Perfect Circle": "", "A R I Z O N A": "", "A$AP Ferg": "", "A-Mei Chang": "", "A-Trak": "", "A. R. Qureshi": "", "A.R. Rahman": "", "A7S": "", "ABBA": "", "ABRA": "", "AJJ": "", "AJZ": "", "ALO": "", "APB": "", "APRE": "", "ARTY": "", "ASIAN KUNG-FU GENERATION": "", "ASP": "", "AUGUST 08": "", "AVCI": "", "AWOLNATION": "", "AZ": "", "Aaron Y Su Grupo Ilusion": "", "Ab-Soul": "", "Above & Beyond": "", "Above The Law": "", "Absofacto": "", "Academy of Ancient Music": "", "Academy of St. Martin in the Fields": "", "Academy of St. Martin in the Fields Chorus": "", "Accademia I Filarmonici": "", "Accept": "", "Ace": "", "Action Bronson": "", "Adam Calhoun": "", "Adam K": "", "Adam K & Soha": "", "Adam Levine": "", "Adele": "", "Adelitas Way": "", "Adema": "", "Adiemus": "", "Adolescent's Orquesta": "", "Adolescents": "", "Adrenalize": "", "Adrianne Pieczonka": "", "Adriano Celentano": "", "Aer": "", "Aesop Rock": "", "Against The Current": "", "Ago": "", "Agust D": "", "Ahmet Kaya": "", "Ai Nam": "", "Aidan O'Rourke": "", "Aim": "", "Air Supply": "", "Airwave": "", "Ajda Pekkan": "", "AkaPella": "", "Akano": "", "Akon": "", "Al Hug": "", "Al Johnson": "", "Alaa": "", "Alacranes Musical": "", "Alain Planes": "", "Alan Gilbert": "", "Alan Walker": "", "Alanis Morissette": "", "Alas": "", "Ala\u00edde Costa": "", "Alban Berg": "", "Alban Berg Quartett": "", "Albert": "", "Alberto Martini": "", "Alberto Vazquez": "", "Albion": "", "Alborosie": "", "Alceu Valen\u00e7a": "", "Aldo Don\u00e0": "", "Aldo Trujillo": "", "Alec Benjamin": "", "Alejandra Guzman": "", "Alejandro Fern\u00e1ndez": "", "Alejandro Sanz": "", "Aleks Syntek": "", "Alena": "", "Alena Cherny": "", "Alessio Bax": "", "Alestorm": "", "Alex": "", "Alex Campos": "", "Alex Clare": "", "Alex G": "", "Alex Gargolas": "", "Alex K": "", "Alex Metric": "", "Alex Newell": "", "Alex Pro": "", "Alex Rose": "", "Alex Ubago": "", "Alex Vargas": "", "Alexander Acha": "", "Alexandra": "", "Alexandra Stan": "", "Alexandre Pires": "", "Alexandre Tharaud": "", "Alexis Weissenberg": "", "Alfonso V\u00e9lez": "", "Alfred Brendel": "", "Alfred Cortot": "", "Alfred Prinz": "", "Alfredo Olivas": "", "Alice DJ": "", "Alice In Chains": "", "Alicia Villarreal": "", "Alicia de Larrocha": "", "Alien Ant Farm": "", "Alina Baraz": "", "Alison Wonderland": "", "Alka Yagnik": "", "All": "", "All Good Things": "", "All That Remains": "", "Allie X": "", "Almighty": "", "Aloe Blacc": "", "Alok": "", "Alphaville": "", "AlunaGeorge": "", "Alvaro Diaz": "", "Alvvays": "", "Aly": "", "Aly & AJ": "", "Amadeus Quartet": "", "Amaia Montero": "", "Amanda Miguel": "", "Amar": "", "Amaranthe": "", "Amber Coffman": "", "Amber Run": "", "Ambiente": "", "Ambiworld": "", "Amentis": "", "America": "", "Amin\u00e9": "", "Amirbai Karnataki": "", "Amit Kumar": "", "Amo": "", "Amos Lee": "", "Amr Diab": "", "Amsterdam Baroque Orchestra": "", "Amy Millan": "", "Amy Winehouse": "", "Ana B\u00e1rbara": "", "Ana Gabriel": "", "Ana Tijoux": "", "Ana Torroja": "", "Anah\u00ed": "", "Anbuu": "", "And. Id": "", "Andrade": "", "Andrea Rost": "", "Andreas Haefliger": "", "Andreas Moss": "", "Andreas Scholl": "", "Andrew Bird": "", "Andrew Davis": "", "Andrew Hill": "", "Andrew Lloyd Webber": "", "Andrew Manze": "", "Andrez Babii": "", "Andr\u00e1s Ligeti": "", "Andr\u00e9 3000": "", "Andr\u00e9 Previn": "", "Andr\u00e9 Rieu": "", "Andr\u00e9s Calamaro": "", "Andy Summers": "", "Anette": "", "Aneym": "", "Angel Lopez": "", "Angel Romero": "", "Angel Taylor": "", "Angel Y Khriz": "", "Angela": "", "Angela Brownridge": "", "Angela Lansbury": "", "Angela Winbush": "", "Angerfist": "", "Angus & Julia Stone": "", "Anitta": "", "Anja Lechner": "", "Anna Naklab": "", "Anna Tomowa-Sintow": "", "Anna Wise": "", "Anna of the North": "", "Annette Moreno": "", "Annie Fischer": "", "Anske": "", "Anthem Lights": "", "Anthony Halstead": "", "Anthony Ramos": "", "Anthony Santos": "", "Anthrax": "", "Antonello Venditti": "", "Antonio Aguilar": "", "Antonio Vivaldi": "", "Anton\u00edn Dvo\u0159\u00e1k": "", "Ant\u00f4nio Carlos Jobim": "", "Anuel AA": "", "Anuradha": "", "Anuradha Paudwal": "", "Anya": "", "Aphex Twin": "", "Apogee": "", "Aquarium": "", "Aqui": "", "Aquilo": "", "Arcade Fire": "", "Arcadi Volodos": "", "Arcangel": "", "Archie": "", "Arc\u00e1ngel": "", "Aref": "", "Aretha Franklin": "", "Argent": "", "Ari Lennox": "", "Aria": "", "Ariana Grande": "", "Ariel Camacho y Los Plebes Del Rancho": "", "Ariel Ram\u00edrez": "", "Arijit Singh": "", "Arizona": "", "Arizona Zervas": "", "Armand Van Helden": "", "Armando Manzanero": "", "Armin": "", "Armin van Buuren": "", "AronChupa": "", "Arsenal Efectivo": "", "Arthur Baker": "", "Arthur Conan Doyle": "", "Arthur Nikisch": "", "Arthur Rubinstein": "", "Artur Rodzinski": "", "Artur Schnabel": "", "Arturo Benedetti Michelangeli": "", "Arturo Toscanini": "", "As I Lay Dying": "", "Asha Bhosle": "", "Ashanti": "", "Ashley Monroe": "", "Ashley Wallbridge": "", "Ashnikko": "", "Ashok Kumar": "", "Asketa": "", "Aso": "", "Astrid Varnay": "", "Astrud Gilberto": "", "Aterciopelados": "", "Atlantis": "", "Atlas": "", "Attaque 77": "", "Attrition": "", "Au/Ra": "", "Aura": "", "Aurra": "", "Aur\u00e8le Nicolet": "", "Auto-Auto": "", "Avail": "", "Avancada": "", "Avenged Sevenfold": "", "Aventura": "", "Avicii": "", "Axis": "", "Axwell": "", "Axwell /\\ Ingrosso": "", "Ayo & Teo": "", "Ayumi Hamasaki": "", "Azealia Banks": "", "Azymuth": "", "B-Liv": "", "B-Real": "", "B.B. King": "", "B.o.B": "", "BABYMETAL": "", "BADBADNOTGOOD": "", "BAYNK": "", "BDC": "", "BENEE": "", "BETWEEN FRIENDS": "", "BIA": "", "BISH\u00d8P": "", "BJ The Chicago Kid": "", "BLR": "", "BONES": "", "BROCKHAMPTON": "", "BT": "", "BTS": "", "BURNOUT SYNDROMES": "", "Baauer": "", "Babas\u00f3nicos": "", "Babe Ruth": "", "Baby": "", "Baby Boy": "", "Baby Dodds": "", "Baby E": "", "Baby Keem": "", "Baby Rasta": "", "Baby Rasta & Gringo": "", "BabyJake": "", "Bacilos": "", "Bad Bunny": "", "Bad Company": "", "Bad Religion": "", "Bad Suns": "", "Bad Wolves": "", "Badflower": "", "Bag Raiders": "", "Bakar": "", "Bakke": "", "Bambi": "", "Banda Brava": "", "Banda Cuisillos": "", "Banda El Recodo": "", "Banda Los Recoditos": "", "Banda MS de Sergio Liz\u00e1rraga": "", "Banda Machos": "", "Banda Peque\u00f1os Musical": "", "Banda Tierra Sagrada": "", "Bankrol Hayden": "", "Bari": "", "Barns Courtney": "", "Barrio Pobre": "", "Barry Douglas": "", "Bar\u00e3o Vermelho": "", "Bas": "", "Bass Santana": "", "Bastille": "", "Bavarian Radio Symphony Orchestra": "", "Bazzi": "", "Beach Bunny": "", "Beach Fossils": "", "Beach House": "", "Beam": "", "Beartooth": "", "BeatKing": "", "Beautiful Chorus": "", "Beaux Arts Trio": "", "Beck": "", "Becky G": "", "Becky Hill": "", "Beenie Man": "", "Belanova": "", "Belchior": "", "Belinda": "", "Belinda Carlisle": "", "Ben Beal": "", "Ben B\u00f6hmer": "", "Ben E. King": "", "Ben Howard": "", "Ben Rector": "", "Benjamin Schmid": "", "Benjamin Wallfisch": "", "Benny": "", "Benny Benassi": "", "Benny Goodman": "", "Beret": "", "Berlin": "", "Berlin Chamber Orchestra": "", "Berliner Philharmoniker": "", "Bernard \"Pretty\" Purdie": "", "Bernard Haitink": "", "Berner": "", "Bersuit Vergarabat": "", "Beth Carvalho": "", "Beth Fowler": "", "Bethel Music": "", "Beto Guedes": "", "Beto Quintanilla": "", "Bette Midler": "", "Beulah": "", "Beyonc\u00e9": "", "Beyond": "", "Bhupinder": "", "Bibio": "", "Big Bird": "", "Big Boy": "", "Big Brother & The Holding Company": "", "Big C": "", "Big D": "", "Big Gigantic": "", "Big K.R.I.T.": "", "Big L": "", "Big Shug": "", "Big T": "", "Big Thief": "", "Big Time Rush": "", "Big Wild": "", "Bigga Rankin": "", "Bilal": "", "Bill Pinkney": "", "Billy Idol": "", "Billy Marchiafava": "", "Billy May": "", "Billy Squier": "", "Billy Talent": "", "Binaural Beats Sleep": "", "Bingo Players": "", "Binum": "", "Bipolar Sunshine": "", "Birdman": "", "Birdy": "", "Bishop Briggs": "", "Bison": "", "Bizzy": "", "Bj\u00f6rk": "", "Black": "", "Black Coffee": "", "Black Dog": "", "Black Eyed Peas": "", "Black Hippy": "", "Black Label Society": "", "Black Moon": "", "Black Star": "", "Black Veil Brides": "", "BlackJack": "", "Blanco": "", "Blastoyz": "", "Bleeding Through": "", "Blind Melon": "", "Blindside": "", "Bloc Party": "", "BlocBoy JB": "", "Blondie": "", "Blood, Sweat & Tears": "", "BloodPop\u00ae": "", "Blu": "", "Blue": "", "Blue Boy": "", "Blue Murder": "", "Blue Wednesday": "", "Blues Traveler": "", "Blur": "", "Bo Skovhus": "", "BoA": "", "Boards of Canada": "", "Boaz Daniel": "", "Bob Brookmeyer": "", "Bob Marley & The Wailers": "", "Bob Sinclar": "", "Bobby Darin": "", "Bobby O": "", "Bobby Pulido": "", "Bobby V.": "", "Bohannon": "", "Bombay Bicycle Club": "", "Bon Iver": "", "Bondo": "", "Boney M.": "", "Bonnie Raitt": "", "Bono": "", "Boo": "", "Boosie Badazz": "", "Borgeous": "", "Boris Brejcha": "", "Boss": "", "Boy In Space": "", "Boy Next Door": "", "Boys Like Girls": "", "Boyzone": "", "Bracket": "", "Brad Kane": "", "Bradley Cooper": "", "Brain": "", "Braken": "", "Branchez": "", "Brand New": "", "Breach": "", "Bread": "", "Breakbot": "", "Breaking Benjamin": "", "Breakout": "", "Breathe": "", "Breathe Carolina": "", "Brennan Heart": "", "Brennan Savage": "", "Brent Faiyaz": "", "Brian Eno": "", "Brian May": "", "Brian McKnight": "", "Brick": "", "Bridgit Mendler": "", "Brigitte Engerer": "", "Bring Me The Horizon": "", "Brisco": "", "Britt Nicole": "", "Britten Sinfonia": "", "Broiler": "", "Bronco": "", "Broods": "", "Brooklyn Dreams": "", "Brray": "", "Bruce Hornsby": "", "Bruno Walter": "", "Bryant Myers": "", "Bryce Fox": "", "Bryce Vine": "", "Bryson Tiller": ""}