{"Dropgun": "", "Drottningholm Baroque Ensemble": "", "Drowning Pool": "", "Duane Allman": "", "Duderstadt": "", "Duelo": "", "Duki": "", "Dulce": "", "Dulce Mar\u00eda": "", "Dun2Def": "", "Duncan Dhu": "", "Duncan Laurence": "", "Duran Duran": "", "Durante": "", "Dusky": "", "Dustin O'Halloran": "", "Dwele": "", "Dyango": "", "Dylan Fuentes": "", "Dylan Matthew": "", "Dylan Scott": "", "Dynamite": "", "Dynoro": "", "Dzeko": "", "D\u00edmelo Flow": "", "E. Leslie": "", "E. Roman": "", "EARTHGANG": "", "EDDISON": "", "EDEN": "", "EL": "", "ENZO": "", "ERA": "", "ESP": "", "EST Gee": "", "EXO-K": "", "Eagle-Eye Cherry": "", "Earl Sweatshirt": "", "Eason Chan": "", "Easton": "", "Echosmith": "", "Echotek": "", "Ed Tullett": "", "Eddie Dee": "", "Eddie Santiago": "", "Eddie Vedder": "", "Eddy Lover": "", "Eder Quartet": "", "Edith Mathis": "", "Edith M\u00e1rquez": "", "Editors": "", "Edvard Grieg": "", "Edward Maya": "", "Edwin Colon Zayas": "", "Edwin Fischer": "", "Edwin Luna y La Trakalosa de Monterrey": "", "Egg": "", "Eiffel 65": "", "Einar Steen-N\u00f8kleberg": "", "El Alfa": "", "El Bebeto": "", "El Chapo De Sinaloa": "", "El Chaval": "", "El Coyote Y Su Banda Tierra Santa": "", "El Fantasma": "", "El Gran Silencio": "", "El Guincho": "", "El Komander": "", "El Mariachi De Am\u00e9rica De Jes\u00fas Rodriguez De Hijar": "", "El Michels Affair": "", "El Movimiento Alterado": "", "El Poder Del Norte": "", "El Profe": "", "El Tigrillo Palma": "", "El Tri": "", "El Trono de Mexico": "", "El de La Guitarra": "", "Electric Guest": "", "Elevation Worship": "", "Eleven": "", "Elevven": "", "Eli": "", "Eli Young Band": "", "Elis Regina": "", "Elisabeth Gr\u00fcmmer": "", "Elisabeth H\u00f6ngen": "", "Elisabeth Leonskaja": "", "Elisabeth Schwarzkopf": "", "Elisabeth Troy": "", "Eliza Doolittle": "", "Elizabeth Norberg-Schulz": "", "Elizabeth Wilcock": "", "Ella Baila Sola": "", "Ella Henderson": "", "Elley Duh\u00e9": "", "Ellie": "", "Ellie Goulding": "", "Elliott Smith": "", "Elliphant": "", "Elly Ameling": "", "Eluphant": "", "Elvis Crespo": "", "Elvis Martinez": "", "Ely Guerra": "", "Emancipator": "", "Emanuel Ax": "", "Emanuel Feuermann": "", "Emeli Sand\u00e9": "", "Emery": "", "Emil Gilels": "", "Emilee": "", "Emma Gatsby": "", "Emma Hewitt": "", "Emmanuel Pahud": "", "Empire of the Sun": "", "En Esp\u00edritu Y En Verdad": "", "Enchantment": "", "Engenheiros Do Hawaii": "", "English Chamber Orchestra": "", "Enigma": "", "Enjoy": "", "Eno": "", "Enrique Iglesias": "", "Ensemble Wien-Berlin": "", "Entombed": "", "Enya": "", "Enzo": "", "Eon": "", "Eraserheads": "", "Eric Church": "", "Eric Clapton": "", "Eric Prydz": "", "Eric Reprid": "", "Eric Vloeimans": "", "Erich Kleiber": "", "Erik Eriksson": "", "Erik Satie": "", "Erik Then-Bergh": "", "Erik Werba": "", "Erro": "", "Esa-Pekka Salonen": "", "Escadia": "", "Escolta De Guerra": "", "Eslabon Armado": "", "Esone": "", "Espinoza Paz": "", "Esteban Gabriel": "", "Estelle": "", "Esther": "", "Estopa": "", "Estrella": "", "Estrellita": "", "Eternal": "", "Eugen Jochum": "", "Eugene Ormandy": "", "Europa Galante": "", "Europe": "", "Eva Simons": "", "Evaluna Montaner": "", "Eve": "", "Everclear": "", "Evgeny Kissin": "", "Evgeny Mravinsky": "", "Evil Ebenezer": "", "Ex": "", "Exis": "", "Exodus": "", "Extreme": "", "Eydie Gorm\u00e9": "", "F / I": "", "F U S E R": "", "FKA twigs": "", "FLAME": "", "FLOW": "", "FM": "", "FOOOL": "", "Fabien Gabel": "", "Fabio Biondi": "", "Fabrizio Paterlini": "", "Face To Face": "", "Factor B": "", "Failure": "", "Faith No More": "", "Faithless": "", "Fame on Fire": "", "Famous Dex": "", "Fan Sounds": "", "Fanny Lu": "", "Fantasia": "", "Far East Movement": "", "Farruko": "", "Fat Nick": "", "Fatboibari": "", "Fatboy Slim": "", "Fatman Scoop": "", "Faye Webster": "", "Faye Wong": "", "Fear": "", "Feid": "", "Felicity Lott": "", "Fenix Flexin": "", "Ferdinand Frantz": "", "Ferenc Fricsay": "", "Fergie": "", "Fernando Sor": "", "Ferr": "", "Fetty Wap": "", "Fever Tree": "", "Fey": "", "Fidel Rueda": "", "Fig": "", "Filter": "", "Fiona Apple": "", "Fito Olivares": "", "Fito Olivares y Su Grupo": "", "Fito Paez": "", "Fitz and The Tantrums": "", "Five": "", "Five Finger Death Punch": "", "Fivio Foreign": "", "Flac": "", "Flame": "", "Flans": "", "Flatbush Zombies": "", "Fleet Foxes": "", "Fleetwood Mac": "", "Fleurie": "", "Flex": "", "Flight Facilities": "", "Flipmode Squad": "", "Flipp Dinero": "", "Flo Milli": "", "Floe": "", "Floetry": "", "Flor Silvestre": "", "Florida Orchestra": "", "Florindo Andreolli": "", "Flow La Movie": "", "Flughand": "", "Flume": "", "Flying Lotus": "", "Foals": "", "Fobia": "", "Fonseca": "", "Foo Fighters": "", "FooR": "", "Fools Garden": "", "For Real": "", "Forbidden": "", "Foreigner": "", "Fortug\u00e9": "", "Forum": "", "Fou Ts'ong": "", "Fountains Of Wayne": "", "Four-Mod": "", "Foxes": "", "Foxx": "", "Frainbreeze": "", "Francesco Yates": "", "Franco Arg\u00fcelles": "", "Franco Battiato": "", "Franco De Vita": "", "Frank Ocean": "", "Frank Reyes": "", "Frankie Goes To Hollywood": "", "Frankie Ruiz": "", "Franky Rizardo": "", "Frans Br\u00fcggen": "", "Frans Helmerson": "", "Franz Ferdinand": "", "Franz Joseph Haydn": "", "Franz Liszt": "", "Franz Liszt Chamber Orchestra": "", "Franz Rupp": "", "Franz Schubert": "", "Franz Welser-M\u00f6st": "", "Fran\u00e7ois Schubert": "", "Fran\u00e7ois-Jo\u00ebl Thiollier": "", "Freak Nasty": "", "Fred Hammond": "", "Freddie Gibbs": "", "Freddie Scott": "", "Frederica von Stade": "", "Frederick Stock": "", "Free Nationals": "", "Freeman": "", "Freestyle": "", "French National Radio Orchestra": "", "Frente!": "", "Fresh": "", "Freya Ridings": "", "Friedrich Gulda": "", "Friends": "", "Fritz Kalkbrenner": "", "Frode Fjellheim": "", "From Ashes to New": "", "Frou Frou": "", "Fruit Bats": "", "Fr\u00e9d\u00e9ric Chopin": "", "Fuego": "", "Fuel": "", "Fuerza Regida": "", "Fugees": "", "Fume": "", "Funk Machine": "", "Funky": "", "Fuse ODG": "", "Future": "", "Future Breeze": "", "Future Islands": "", "G Herbo": "", "G Mills": "", "G-DRAGON": "", "G-Eazy": "", "G. N. Balasubramaniam": "", "GIANT": "", "GLC": "", "GOT7": "", "GZA": "", "Gabby Barrett": "", "Gabriel Faur\u00e9": "", "Gabry Ponte": "", "Gaby Casadesus": "", "Gaby Moreno": "", "Gal Costa": "", "Galactixx": "", "Galimatias": "", "Gambino": "", "Gamma Ray": "", "Gang Starr": "", "Gang of Youths": "", "Gangsta Boo": "", "Gareth Emery": "", "Garibaldi": "", "Gary Clark Jr.": "", "Gary Go": "", "Gary Lightbody": "", "Gary Moore": "", "Gate": "", "Gattuso": "", "Gavin Greenaway": "", "Gayatri": "", "Gazebo": "", "Generation X": "", "Genesis": "", "Gente De Zona": "", "Georg Kulenkampff": "", "George Balanchine's The Nutcracker": "", "George Benjamin": "", "George Clinton": "", "George Ezra": "", "George Maple": "", "George Strait": "", "George Thorogood": "", "George Thorogood & The Destroyers": "", "Georges Pr\u00eatre": "", "Geraldo Azevedo": "", "Gerard Butler": "", "Gerardo": "", "Gerardo Ortiz": "", "Gesaffelstein": "", "Ghost": "", "Ghost Loft": "", "Ghost Town": "", "Ghostemane": "", "Gian Marco": "", "Giants": "", "Gidon Kremer": "", "Giggles": "", "Gigi D'Agostino": "", "Gilberto Gil": "", "Gilberto Santa Rosa": "", "Gin Blossoms": "", "Giorgia": "", "Giorgio Tozzi": "", "Gipsy Kings": "", "Girls' Generation": "", "Giuseppe Ottaviani": "", "Giuseppe Patan\u00e8": "", "Giuseppe Taddei": "", "Giveon": "", "Gizmo": "", "Gladys Knight": "", "Gladys Knight & The Pips": "", "Glass Animals": "", "Glenn Danzig": "", "Glenn Miller": "", "Gloc 9": "", "Glock": "", "Gloria Banditelli": "", "Gloria Trevi": "", "Go West": "", "Gob": "", "Gocho \"El L\u00e1piz De Platino\"": "", "Godhead": "", "GoldLink": "", "Golden Earring": "", "Goldfinger": "", "Gondwana": "", "Good Morning": "", "Good Times Ahead": "", "Gorje Hewek": "", "Gota": "", "Gotti": "", "Gotye": "", "Grace": "", "Gracie Abrams": "", "Grafiti": "", "Granular": "", "Grasshopper": "", "Grave Digger": "", "Graziella Sciutti": "", "Green Day": "", "Gregory Isaacs": "", "Grey": "", "Grim": "", "Grimes": "", "Grizzly Bear": "", "Groove Armada": "", "Group Home": "", "Grupo Bryndis": "", "Grupo Ca\u00f1averal De Humberto Pab\u00f3n": "", "Grupo Codiciado": "", "Grupo Exterminador": "", "Grupo Firme": "", "Grupo Fundo De Quintal": "", "Grupo G": "", "Grupo Kual?": "", "Grupo Laberinto": "", "Grupo Limite": "", "Grupo Mojado": "", "Grupo Niche": "", "Gryffin": "", "Guapdad 4000": "", "Guayac\u00e1n Orquesta": "", "Guaynaa": "", "Gucci Mane": "", "Gudda Gudda": "", "Guido Cantelli": "", "Guiomar Novaes": "", "Gulab": "", "Gundula Janowitz": "", "Gunna": "", "Gurlez Akhtar": "", "Guru Josh Project": "", "Gus Dapperton": "", "Gustavo Santaolalla": "", "Guy": "", "Gwen McCrae": "", "Gym Class Heroes": "", "Gyptian": "", "G\u00e9za Anda": "", "G\u00f6sta Winbergh": "", "G\u00fcher": "", "G\u00fcrzenich Orchester K\u00f6ln": "", "H-Man": "", "H2O": "", "HAIM": "", "HLZ": "", "HRVY": "", "HUNNY": "", "Ha*Ash": "", "Haddaway": "", "Hal Gordon": "", "Hannah Montana": "", "Hannah Ray": "", "Hans Hopf": "", "Hans Hotter": "", "Hans Knappertsbusch": "", "Hans Zimmer": "", "Hapa": "", "HardHouse Banton": "", "Hardline": "", "Hardwell": "", "Hare Squead": "", "Hariharan": "", "Harini": "", "Harish": "", "Harm Franklin": "", "Harold Budd": "", "Harris Jayaraj": "", "Harrison Storm": "", "Harry Belafonte": "", "Harry Styles": "", "Harvester": "", "Have Mercy": "", "Hawk": "", "Hayden James": "", "Hayley Kiyoko": "", "Haze": "", "Heart": "", "Heatbeat": "", "Heatwave": "", "Heinrich Neuhaus": "", "Heinrich Schiff": "", "Heinz Holliger": "", "Heist": "", "Heitor dos Prazeres": "", "Helen Watts": "", "Helix": "", "Hemlata": "", "Henry Mancini": "", "Henryk Szeryng": "", "Her": "", "Her's": "", "Herbert Blomstedt": "", "Herbert von Karajan": "", "Herencia de Patrones": "", "Herm": "", "Hermann Abendroth": "", "Hermann Prey": "", "Hermes Nye": "", "Hermitude": "", "Hey Violet": "", "High Contrast": "", "High School Musical Cast": "", "Highly Suspect": "", "Hikaru Utada": "", "Hilary Hahn": "", "Hilary Summers": "", "Hilde R\u00f6ssel Majdan": "", "Hilight Tribe": "", "Hillsong UNITED": "", "Hillsong Worship": "", "Hinder": "", "Hippie Sabotage": "", "Hippo Campus": "", "Hiroyuki Sawano": "", "Hit-Boy": "", "Hobo Johnson": "", "Hoku": "", "Hole": "", "Hollow Coves": "", "Hollywood Undead": "", "Hombres G": "", "Hoobastank": "", "Hoodie Allen": "", "Hopsin": "", "Horn": "", "Horse Head": "", "Hot": "", "Hot Chip": "", "Hot Streak": "", "Housefires": "", "Houston Symphony": "", "Howard Shelley": "", "Howard Shore": "", "Hozier": "", "Hubert Barwahser": "", "Huey": "", "Huey Lewis": "", "Huey Lewis & The News": "", "Hugh Jackman": "", "Hugues Cu\u00e9nod": "", "Hum": "", "Huncho Jack": "", "Hundred Waters": "", "Hungarian Festival Chorus": "", "Hungarian Radio Chorus": "", "Hungarian State Opera Chorus": "", "Hwa Sa": "", "Hyper": "", "H\u00e5kan Hardenberger": "", "H\u00e9ctor Acosta \"El Torito\"": "", "H\u00e9ctor Lavoe": "", "H\u00fcnkar": "", "I DONT KNOW HOW BUT THEY FOUND ME": "", "I Monster": "", "I Musici de Montr\u00e9al": "", "I Prevail": "", "I Virtuosi Italiani": "", "IA": "", "IAmChino": "", "IC3PEAK": "", "ILOVEMAKONNEN": "", "IP": "", "ITZY": "", "IU": "", "Ian Ewing": "", "Ian Munsick": "", "Iasos": "", "Icon For Hire": "", "Ideal": "", "Idealism": "", "Idil Biret": "", "Iggy Azalea": "", "Iggy Pop": "", "Ikimonogakari": "", "Imaginary Future": "", "Imagine Dragons": "", "Imanbek": "", "Imogen Cooper": "", "Imperial": "", "Imran": "", "Imran Khan": "", "In Flames": "", "In Motion": "", "In This Moment": "", "Ina Wroldsen": "", "Incubus": "", "India.Arie": "", "Indila": "", "Indo G": "", "Indu.": "", "Industria del Amor": "", "Inge Borkh": "", "Ingrid Haebler": "", "Ingrid Michaelson": "", "Inner Circle": "", "Insane Clown Posse": "", "Inspectah Deck": "", "Instinct": "", "Intenso": "", "Internet Money": "", "Intocable": "", "Intro": "", "Iona Brown": "", "Ir Sais": "", "Ira": "", "Iration": "", "Irene Cara": "", "Iriarte": "", "Irmgard Seefried": "", "Iron Maiden": "", "Isaiah Rashad": "", "Isao Tomita": ""}